Date,High,Low,Open,Close,Volume,Adj Close,Name
2020-04-09,1.3134870529174805,0.6941869854927063,0.8320050239562988,0.9510539770126343,87364276.0,0.9510539770126343,SOL1-USD
2020-04-10,1.0490729808807373,0.7650200128555298,0.9510539770126343,0.7768189907073975,43862444.0,0.7768189907073975,SOL1-USD
2020-04-11,0.9566699862480164,0.7624260187149048,0.7854480147361755,0.8825070261955261,38736897.0,0.8825070261955261,SOL1-USD
2020-04-12,0.8916029930114746,0.7739760279655457,0.8907600045204163,0.7778319716453552,18211285.0,0.7778319716453552,SOL1-USD
2020-04-13,0.7964720129966736,0.6281690001487732,0.7778319716453552,0.6619250178337097,16747614.0,0.6619250178337097,SOL1-USD
2020-04-14,0.7049639821052551,0.6215310096740723,0.6692889928817749,0.646651029586792,13075275.0,0.646651029586792,SOL1-USD
2020-04-15,0.7741919755935669,0.6251069903373718,0.6308789849281311,0.6908159852027893,21346031.0,0.6908159852027893,SOL1-USD
2020-04-17,0.7176179885864258,0.6594269871711731,0.6607279777526855,0.6810960173606873,9782112.0,0.6810960173606873,SOL1-USD
2020-04-18,0.6846410036087036,0.5984870195388794,0.6815159916877747,0.6069689989089966,9289670.0,0.6069689989089966,SOL1-USD
2020-04-19,0.6392539739608765,0.5205780267715454,0.6129480004310608,0.538811981678009,8342616.0,0.538811981678009,SOL1-USD
2020-04-20,0.6045860052108765,0.5085489749908447,0.5413870215415955,0.5876590013504028,9711507.0,0.5876590013504028,SOL1-USD
2020-04-21,0.7069640159606934,0.5696210265159607,0.5811660289764404,0.6916009783744812,18828400.0,0.6916009783744812,SOL1-USD
2020-04-22,0.6980770230293274,0.6003220081329346,0.6853470206260681,0.6274570226669312,13485271.0,0.6274570226669312,SOL1-USD
2020-04-23,0.671019971370697,0.6139410138130188,0.6240209937095642,0.6342419981956482,9064190.0,0.6342419981956482,SOL1-USD
2020-04-24,0.6709480285644531,0.6215469837188721,0.6305279731750488,0.6433290243148804,7311905.0,0.6433290243148804,SOL1-USD
2020-04-25,0.6914989948272705,0.6311709880828857,0.6532149910926819,0.6355059742927551,8320760.0,0.6355059742927551,SOL1-USD
2020-04-26,0.6602830290794373,0.561028003692627,0.6357139945030212,0.5723720192909241,7406934.0,0.5723720192909241,SOL1-USD
2020-04-27,0.692147970199585,0.5684840083122253,0.5782529711723328,0.6612930297851562,7470201.0,0.6612930297851562,SOL1-USD
2020-04-28,0.77777099609375,0.655273973941803,0.6622859835624695,0.7458400130271912,8801144.0,0.7458400130271912,SOL1-USD
2020-04-29,0.800815999507904,0.6878809928894043,0.7471950054168701,0.6910449862480164,5016892.0,0.6910449862480164,SOL1-USD
2020-04-30,0.7370709776878357,0.685903012752533,0.6910449862480164,0.7287939786911011,4164272.0,0.7287939786911011,SOL1-USD
2020-05-01,0.7489809989929199,0.7079039812088013,0.7272679805755615,0.7158759832382202,3441356.0,0.7158759832382202,SOL1-USD
2020-05-02,0.7298009991645813,0.6566159725189209,0.7147960066795349,0.6795349717140198,3328344.0,0.6795349717140198,SOL1-USD
2020-05-03,0.7058119773864746,0.6184340119361877,0.6796249747276306,0.6674910187721252,3443698.0,0.6674910187721252,SOL1-USD
2020-05-04,0.686214029788971,0.6264989972114563,0.6734399795532227,0.6418370008468628,2847469.0,0.6418370008468628,SOL1-USD
2020-05-05,0.673891007900238,0.6225839853286743,0.6424540281295776,0.6225839853286743,2677563.0,0.6225839853286743,SOL1-USD
2020-05-06,0.6322680115699768,0.5733759999275208,0.6225839853286743,0.6129779815673828,3355830.0,0.6129779815673828,SOL1-USD
2020-05-07,0.6366180181503296,0.589851975440979,0.6129779815673828,0.6049219965934753,2488195.0,0.6049219965934753,SOL1-USD
2020-05-08,0.6254289746284485,0.5884479880332947,0.6040419936180115,0.6045269966125488,2128503.0,0.6045269966125488,SOL1-USD
2020-05-09,0.6123030185699463,0.5130810141563416,0.6044610142707825,0.5370339751243591,2327581.0,0.5370339751243591,SOL1-USD
2020-05-10,0.5718600153923035,0.5051940083503723,0.5362550020217896,0.5152729749679565,2098481.0,0.5152729749679565,SOL1-USD
2020-05-11,0.5597590208053589,0.5052509903907776,0.5133910179138184,0.5385760068893433,2198625.0,0.5385760068893433,SOL1-USD
2020-05-12,0.564873993396759,0.5180379748344421,0.5383719801902771,0.5505319833755493,2326446.0,0.5505319833755493,SOL1-USD
2020-05-13,0.5809460282325745,0.5501099824905396,0.5505319833755493,0.5691180229187012,2047897.0,0.5691180229187012,SOL1-USD
2020-05-14,0.5746200084686279,0.5470929741859436,0.5691930055618286,0.5597519874572754,1850070.0,0.5597519874572754,SOL1-USD
2020-05-15,0.6065340042114258,0.5543609857559204,0.5589810013771057,0.599120020866394,2300409.0,0.599120020866394,SOL1-USD
2020-05-16,0.6401960253715515,0.5891749858856201,0.5952280163764954,0.6129890084266663,2936428.0,0.6129890084266663,SOL1-USD
2020-05-17,0.6743929982185364,0.6096490025520325,0.6126819849014282,0.6526700258255005,3314359.0,0.6526700258255005,SOL1-USD
2020-05-18,0.65447998046875,0.6112480163574219,0.6509739756584167,0.6244540214538574,2380263.0,0.6244540214538574,SOL1-USD
2020-05-19,0.6266559958457947,0.5752829909324646,0.6224750280380249,0.5791559815406799,2302926.0,0.5791559815406799,SOL1-USD
2020-05-20,0.6137890219688416,0.5433459877967834,0.579692006111145,0.6089149713516235,2863017.0,0.6089149713516235,SOL1-USD
2020-05-21,0.6764320135116577,0.582830011844635,0.6052389740943909,0.6388750076293945,3411419.0,0.6388750076293945,SOL1-USD
2020-05-22,0.6388490200042725,0.5882470011711121,0.6374149918556213,0.6130310297012329,2638524.0,0.6130310297012329,SOL1-USD
2020-05-23,0.6132889986038208,0.5484319925308228,0.6132889986038208,0.5490530133247375,2786816.0,0.5490530133247375,SOL1-USD
2020-05-24,0.6501380205154419,0.5380640029907227,0.5485699772834778,0.6008570194244385,4509580.0,0.6008570194244385,SOL1-USD
2020-05-25,0.6123530268669128,0.5664629936218262,0.5991039872169495,0.5733069777488708,2689697.0,0.5733069777488708,SOL1-USD
2020-05-26,0.6110870242118835,0.5714430212974548,0.5733069777488708,0.5909850001335144,2536916.0,0.5909850001335144,SOL1-USD
2020-05-27,0.5923979878425598,0.5669479966163635,0.5908839702606201,0.5751550197601318,2662788.0,0.5751550197601318,SOL1-USD
2020-05-28,0.59340500831604,0.5668579936027527,0.5746989846229553,0.5794150233268738,2066857.0,0.5794150233268738,SOL1-USD
2020-05-29,0.6024889945983887,0.5670499801635742,0.5813549757003784,0.5879330039024353,2449095.0,0.5879330039024353,SOL1-USD
2020-05-30,0.5939970016479492,0.5692449808120728,0.5879030227661133,0.5700219869613647,1892967.0,0.5700219869613647,SOL1-USD
2020-05-31,0.5878390073776245,0.5673480033874512,0.5734720230102539,0.5774949789047241,2159877.0,0.5774949789047241,SOL1-USD
2020-06-01,0.5897250175476074,0.5522940158843994,0.5771420001983643,0.5646690130233765,1295757.0,0.5646690130233765,SOL1-USD
2020-06-02,0.5910249948501587,0.5644609928131104,0.5646690130233765,0.5866209864616394,877446.0,0.5866209864616394,SOL1-USD
2020-06-03,0.5916399955749512,0.5645179748535156,0.5868669748306274,0.5872989892959595,901641.0,0.5872989892959595,SOL1-USD
2020-06-04,0.6982790231704712,0.5779250264167786,0.5872989892959595,0.6611549854278564,4322092.0,0.6611549854278564,SOL1-USD
2020-06-05,0.6616190075874329,0.6117810010910034,0.6610710024833679,0.6224430203437805,1604055.0,0.6224430203437805,SOL1-USD
2020-06-06,0.6244440078735352,0.5933979749679565,0.6224430203437805,0.6165779829025269,716785.0,0.6165779829025269,SOL1-USD
2020-06-07,0.679000973701477,0.6133099794387817,0.6150779724121094,0.6683130264282227,1440234.0,0.6683130264282227,SOL1-USD
2020-06-08,0.6680880188941956,0.6272420287132263,0.6677839756011963,0.6580020189285278,988327.0,0.6580020189285278,SOL1-USD
2020-06-09,0.6700429916381836,0.633404016494751,0.6580380201339722,0.6448670029640198,1096203.0,0.6448670029640198,SOL1-USD
2020-06-10,0.650534987449646,0.5700820088386536,0.6448879837989807,0.5737419724464417,1122221.0,0.5737419724464417,SOL1-USD
2020-06-11,0.604653000831604,0.569920003414154,0.574059009552002,0.5938689708709717,940323.0,0.5938689708709717,SOL1-USD
2020-06-12,0.6114389896392822,0.5854849815368652,0.5939480066299438,0.608942985534668,764757.0,0.608942985534668,SOL1-USD
2020-06-13,0.618257999420166,0.5808990001678467,0.6109269857406616,0.5870770215988159,873416.0,0.5870770215988159,SOL1-USD
2020-06-14,0.5918970108032227,0.5472869873046875,0.5883730053901672,0.5706390142440796,942666.0,0.5706390142440796,SOL1-USD
2020-06-15,0.5898280143737793,0.5686889886856079,0.5705789923667908,0.5855759978294373,652020.0,0.5855759978294373,SOL1-USD
2020-06-16,0.590129017829895,0.5651170015335083,0.5854970216751099,0.5815619826316833,673274.0,0.5815619826316833,SOL1-USD
2020-06-17,0.6503090262413025,0.5792850255966187,0.5815820097923279,0.6209560036659241,1349341.0,0.6209560036659241,SOL1-USD
2020-06-18,0.8363980054855347,0.6203839778900146,0.6224070191383362,0.684332013130188,6577471.0,0.684332013130188,SOL1-USD
2020-06-19,0.6885830163955688,0.6256260275840759,0.6825230121612549,0.6435909867286682,1714405.0,0.6435909867286682,SOL1-USD
2020-06-20,0.7485420107841492,0.6368799805641174,0.6461349725723267,0.6731489896774292,2238347.0,0.6731489896774292,SOL1-USD
2020-06-21,0.7431129813194275,0.6458770036697388,0.6725770235061646,0.7268480062484741,1620388.0,0.7268480062484741,SOL1-USD
2020-06-22,0.7606329917907715,0.7007120251655579,0.7267730236053467,0.7082970142364502,1327340.0,0.7082970142364502,SOL1-USD
2020-06-23,0.8006920218467712,0.6935009956359863,0.7085300087928772,0.7369940280914307,2769054.0,0.7369940280914307,SOL1-USD
2020-06-24,0.7567049860954285,0.6992400288581848,0.7371000051498413,0.7131940126419067,1751581.0,0.7131940126419067,SOL1-USD
2020-06-25,0.7519919872283936,0.6815320253372192,0.7125309705734253,0.7411440014839172,1664662.0,0.7411440014839172,SOL1-USD
2020-06-26,0.7522109746932983,0.6758379936218262,0.7395970225334167,0.7135480046272278,1681428.0,0.7135480046272278,SOL1-USD
2020-06-27,0.8439769744873047,0.6870949864387512,0.7135480046272278,0.7984949946403503,3412582.0,0.7984949946403503,SOL1-USD
2020-06-28,0.8853390216827393,0.7700089812278748,0.7984949946403503,0.8524540066719055,2147791.0,0.8524540066719055,SOL1-USD
2020-06-29,1.0291759967803955,0.8501039743423462,0.8530219793319702,0.8600940108299255,3887548.0,0.8600940108299255,SOL1-USD
2020-06-30,0.9017149806022644,0.8209270238876343,0.8633639812469482,0.8326420187950134,1772560.0,0.8326420187950134,SOL1-USD
2020-07-01,0.8371269702911377,0.7536680102348328,0.8321160078048706,0.7802190184593201,1749581.0,0.7802190184593201,SOL1-USD
2020-07-02,0.7860350012779236,0.7551130056381226,0.7820360064506531,0.7680929899215698,1144958.0,0.7680929899215698,SOL1-USD
2020-07-03,0.8231549859046936,0.761451005935669,0.7679409980773926,0.7803720235824585,1644301.0,0.7803720235824585,SOL1-USD
2020-07-04,0.7855470180511475,0.6426349878311157,0.7801010012626648,0.6916639804840088,3799016.0,0.6916639804840088,SOL1-USD
2020-07-05,0.721045970916748,0.6865800023078918,0.6916639804840088,0.7079079747200012,1120773.0,0.7079079747200012,SOL1-USD
2020-07-06,0.7808930277824402,0.7019219994544983,0.7078580260276794,0.7530480027198792,1700041.0,0.7530480027198792,SOL1-USD
2020-07-07,0.8275229930877686,0.7434110045433044,0.7530480027198792,0.7967129945755005,2220223.0,0.7967129945755005,SOL1-USD
2020-07-08,0.8823580145835876,0.759905993938446,0.7940179705619812,0.8534529805183411,2668724.0,0.8534529805183411,SOL1-USD
2020-07-09,0.9396290183067322,0.8428500294685364,0.8533040285110474,0.9135599732398987,1856095.0,0.9135599732398987,SOL1-USD
2020-07-10,0.926347017288208,0.8590949773788452,0.9135599732398987,0.9246240258216858,1788814.0,0.9246240258216858,SOL1-USD
2020-07-11,1.130977988243103,0.9141169786453247,0.9238560199737549,1.0167160034179688,4693371.0,1.0167160034179688,SOL1-USD
2020-07-12,1.2876629829406738,1.0088839530944824,1.0167160034179688,1.175734043121338,4062069.0,1.175734043121338,SOL1-USD
2020-07-13,1.2460060119628906,1.1191660165786743,1.172476053237915,1.148074984550476,2213135.0,1.148074984550476,SOL1-USD
2020-07-14,1.3968349695205688,1.1414580345153809,1.147523045539856,1.289597988128662,3355229.0,1.289597988128662,SOL1-USD
2020-07-15,1.3749669790267944,0.8550440073013306,1.28403902053833,0.8724409937858582,7486568.0,0.8724409937858582,SOL1-USD
2020-07-16,1.0468419790267944,0.8018839955329895,0.870760977268219,0.9778370261192322,8973774.0,0.9778370261192322,SOL1-USD
2020-07-17,1.000715970993042,0.9317259788513184,0.9775149822235107,0.9665830135345459,2923007.0,0.9665830135345459,SOL1-USD
2020-07-18,0.9703540205955505,0.8995149731636047,0.9680039882659912,0.9203490018844604,2206671.0,0.9203490018844604,SOL1-USD
2020-07-19,0.9215840101242065,0.8518779873847961,0.9205150008201599,0.8730890154838562,3036871.0,0.8730890154838562,SOL1-USD
2020-07-20,1.008254051208496,0.8603159785270691,0.8729280233383179,0.9771659970283508,4299502.0,0.9771659970283508,SOL1-USD
2020-07-21,1.1047040224075317,0.9724850058555603,0.9771980047225952,1.0440870523452759,5295002.0,1.0440870523452759,SOL1-USD
2020-07-22,1.1012179851531982,0.9973940253257751,1.0461549758911133,1.0498440265655518,2970423.0,1.0498440265655518,SOL1-USD
2020-07-23,1.053954005241394,0.9747800230979919,1.0498440265655518,0.9953460097312927,1991763.0,0.9953460097312927,SOL1-USD
2020-07-24,1.4327399730682373,0.9953969717025757,0.9954400062561035,1.252223014831543,9978279.0,1.252223014831543,SOL1-USD
2020-07-25,1.6246479749679565,1.2382830381393433,1.2447279691696167,1.5651099681854248,10463130.0,1.5651099681854248,SOL1-USD
2020-07-26,2.0427401065826416,1.5610870122909546,1.5650980472564697,1.7786359786987305,32838355.0,1.7786359786987305,SOL1-USD
2020-07-27,1.858672022819519,1.6117689609527588,1.7841110229492188,1.7840670347213745,9692632.0,1.7840670347213745,SOL1-USD
2020-07-28,2.0956220626831055,1.5931659936904907,1.785662055015564,1.6582889556884766,10348945.0,1.6582889556884766,SOL1-USD
2020-07-29,1.7964489459991455,1.6357120275497437,1.6582889556884766,1.6868070363998413,5222980.0,1.6868070363998413,SOL1-USD
2020-07-30,1.6884880065917969,1.5104049444198608,1.6868070363998413,1.5381779670715332,4822046.0,1.5381779670715332,SOL1-USD
2020-07-31,1.6622289419174194,1.4988720417022705,1.5327589511871338,1.526610016822815,4589882.0,1.526610016822815,SOL1-USD
2020-08-01,1.7468229532241821,1.411972999572754,1.5299099683761597,1.7428100109100342,7216576.0,1.7428100109100342,SOL1-USD
2020-08-02,1.8300340175628662,1.6687259674072266,1.7322900295257568,1.802610993385315,5836036.0,1.802610993385315,SOL1-USD
2020-08-03,1.949874997138977,1.794983983039856,1.8000119924545288,1.8716390132904053,5495665.0,1.8716390132904053,SOL1-USD
2020-08-04,1.8881219625473022,1.709509015083313,1.870736002922058,1.7545499801635742,5405764.0,1.7545499801635742,SOL1-USD
2020-08-05,2.2280030250549316,1.7467830181121826,1.7545499801635742,2.206347942352295,11143557.0,2.206347942352295,SOL1-USD
2020-08-06,2.2031660079956055,1.8855719566345215,2.2031660079956055,2.0859029293060303,8068102.0,2.0859029293060303,SOL1-USD
2020-08-07,2.5695900917053223,2.0265378952026367,2.0838890075683594,2.4736249446868896,10919229.0,2.4736249446868896,SOL1-USD
2020-08-08,2.7068231105804443,2.3025009632110596,2.4715559482574463,2.6652278900146484,12107837.0,2.6652278900146484,SOL1-USD
2020-08-09,3.3979289531707764,2.525897979736328,2.6652278900146484,3.1317930221557617,22863251.0,3.1317930221557617,SOL1-USD
2020-08-10,3.48653507232666,2.753633975982666,3.131042003631592,3.3034191131591797,36356155.0,3.3034191131591797,SOL1-USD
2020-08-15,3.4706881046295166,3.138688087463379,3.185405969619751,3.385653018951416,10395313.0,3.385653018951416,SOL1-USD
2020-08-16,3.3859989643096924,3.087985038757324,3.385653018951416,3.0986080169677734,10723919.0,3.0986080169677734,SOL1-USD
2020-08-17,3.7099111080169678,2.894413948059082,3.104469060897827,3.3299760818481445,30350145.0,3.3299760818481445,SOL1-USD
2020-08-18,3.483863115310669,2.8381080627441406,3.3286960124969482,2.899040937423706,14838389.0,2.899040937423706,SOL1-USD
2020-08-19,3.4318430423736572,2.896235942840576,2.899040937423706,3.2082669734954834,13756478.0,3.2082669734954834,SOL1-USD
2020-08-20,3.223289966583252,2.913770914077759,3.2097179889678955,2.9436678886413574,11796736.0,2.9436678886413574,SOL1-USD
2020-08-21,3.1948649883270264,2.757327079772949,2.945307970046997,3.020885944366455,10296805.0,3.020885944366455,SOL1-USD
2020-08-22,3.4034149646759033,3.0188379287719727,3.0208630561828613,3.3224310874938965,11991402.0,3.3224310874938965,SOL1-USD
2020-08-23,3.607538938522339,3.224431037902832,3.3122220039367676,3.3449859619140625,15785208.0,3.3449859619140625,SOL1-USD
2020-08-24,3.3582470417022705,3.027719020843506,3.3496639728546143,3.264849901199341,13444308.0,3.264849901199341,SOL1-USD
2020-08-25,3.7953240871429443,3.1943109035491943,3.2660410404205322,3.5583748817443848,22147431.0,3.5583748817443848,SOL1-USD
2020-08-26,3.854706048965454,3.2922139167785645,3.5578439235687256,3.4450600147247314,21031356.0,3.4450600147247314,SOL1-USD
2020-08-27,4.309593200683594,3.4472808837890625,3.4524950981140137,4.011393070220947,27212888.0,4.011393070220947,SOL1-USD
2020-08-28,4.105240821838379,3.78711199760437,4.01421594619751,3.968808889389038,14585964.0,3.968808889389038,SOL1-USD
2020-08-29,4.705005168914795,3.9191319942474365,3.970010995864868,4.4358229637146,22220239.0,4.4358229637146,SOL1-USD
2020-08-30,4.872941017150879,4.109681129455566,4.4216790199279785,4.782045841217041,20950150.0,4.782045841217041,SOL1-USD
2020-08-31,4.94473123550415,4.344515800476074,4.781050205230713,4.344515800476074,16944927.0,4.344515800476074,SOL1-USD
2020-09-01,4.355938911437988,3.7051639556884766,4.3526930809021,4.1644721031188965,23655802.0,4.1644721031188965,SOL1-USD
2020-09-02,4.440814018249512,3.5273399353027344,4.168772220611572,3.5273399353027344,26473634.0,3.5273399353027344,SOL1-USD
2020-09-03,3.834104061126709,3.1988940238952637,3.523390054702759,3.5457940101623535,17729340.0,3.5457940101623535,SOL1-USD
2020-09-21,2.9943699836730957,2.66860294342041,2.7736880779266357,2.9155189990997314,18556523.0,2.9155189990997314,SOL1-USD
2020-09-22,3.0686490535736084,2.7280750274658203,2.9154820442199707,2.8469960689544678,14416287.0,2.8469960689544678,SOL1-USD
2020-09-23,3.2534730434417725,2.79728102684021,2.8469960689544678,3.151376962661743,16989026.0,3.151376962661743,SOL1-USD
2020-09-24,3.2717220783233643,2.9134299755096436,3.1595730781555176,3.191359043121338,13961117.0,3.191359043121338,SOL1-USD
2020-09-25,3.2304229736328125,3.0398108959198,3.1939311027526855,3.1391661167144775,8877567.0,3.1391661167144775,SOL1-USD
2020-09-26,3.1733269691467285,3.0111188888549805,3.1391661167144775,3.157870054244995,7595739.0,3.157870054244995,SOL1-USD
2020-09-27,3.211951971054077,2.9407830238342285,3.157870054244995,2.9578449726104736,9044326.0,2.9578449726104736,SOL1-USD
2020-09-28,3.0198020935058594,2.903841018676758,2.9586141109466553,2.9525771141052246,6798646.0,2.9525771141052246,SOL1-USD
2020-09-29,2.985374927520752,2.838150978088379,2.9492580890655518,2.9000699520111084,5750638.0,2.9000699520111084,SOL1-USD
2020-09-30,2.990473985671997,2.6605451107025146,2.899522066116333,2.8669049739837646,8836052.0,2.8669049739837646,SOL1-USD
2020-10-04,2.667773962020874,2.468980073928833,2.5246078968048096,2.658379077911377,6037218.0,2.658379077911377,SOL1-USD
2020-10-05,2.6602509021759033,2.147995948791504,2.6572210788726807,2.174531936645508,8229546.0,2.174531936645508,SOL1-USD
2020-10-06,2.394087076187134,2.098172903060913,2.177133083343506,2.3045849800109863,10241008.0,2.3045849800109863,SOL1-USD
2020-10-07,2.4491660594940186,2.0300869941711426,2.3053090572357178,2.3732380867004395,13415931.0,2.3732380867004395,SOL1-USD
2020-10-09,2.59409499168396,2.403172016143799,2.536932945251465,2.406090021133423,8842884.0,2.406090021133423,SOL1-USD
2020-10-10,2.457566022872925,2.344921112060547,2.407366991043091,2.4265780448913574,7170647.0,2.4265780448913574,SOL1-USD
2020-10-13,2.4366140365600586,2.2462570667266846,2.408195972442627,2.3146350383758545,9436239.0,2.3146350383758545,SOL1-USD
2020-10-14,2.3357961177825928,2.203418016433716,2.3148000240325928,2.2664361000061035,8332483.0,2.2664361000061035,SOL1-USD
2020-10-15,2.2656710147857666,2.1279211044311523,2.265199899673462,2.149385929107666,13637728.0,2.149385929107666,SOL1-USD
2020-10-16,2.23830509185791,2.13240909576416,2.1456360816955566,2.201843023300171,6612612.0,2.201843023300171,SOL1-USD
2020-10-17,2.2488460540771484,2.1783270835876465,2.2027499675750732,2.2142670154571533,6294162.0,2.2142670154571533,SOL1-USD
2020-10-18,2.2135119438171387,2.053210973739624,2.213371992111206,2.058079957962036,8248860.0,2.058079957962036,SOL1-USD
2020-10-19,2.0978610515594482,1.8541539907455444,2.0581018924713135,1.8886719942092896,13129043.0,1.8886719942092896,SOL1-USD
2020-10-20,2.0662059783935547,1.8612350225448608,1.8886120319366455,1.8903779983520508,19275509.0,1.8903779983520508,SOL1-USD
2020-10-21,2.0824339389801025,1.8898169994354248,1.8903720378875732,1.9556529521942139,11445663.0,1.9556529521942139,SOL1-USD
2020-10-22,1.9847710132598877,1.853309988975525,1.9570679664611816,1.960034966468811,11497445.0,1.960034966468811,SOL1-USD
2020-10-23,1.961650013923645,1.8823440074920654,1.960034966468811,1.9118280410766602,7581827.0,1.9118280410766602,SOL1-USD
2020-10-24,1.922942042350769,1.7686439752578735,1.9118280410766602,1.7874590158462524,9092334.0,1.7874590158462524,SOL1-USD
2020-10-26,1.8629900217056274,1.6293649673461914,1.7874590158462524,1.6854660511016846,13396736.0,1.6854660511016846,SOL1-USD
2020-10-27,1.7454030513763428,1.605286955833435,1.6854660511016846,1.7102320194244385,14384427.0,1.7102320194244385,SOL1-USD
2020-10-28,1.719027042388916,1.3945720195770264,1.7102320194244385,1.4900530576705933,17089719.0,1.4900530576705933,SOL1-USD
2020-10-29,1.5668920278549194,1.4124259948730469,1.4900530576705933,1.4289360046386719,8024138.0,1.4289360046386719,SOL1-USD
2020-10-30,1.4673190116882324,1.3422130346298218,1.4289360046386719,1.4413360357284546,8528336.0,1.4413360357284546,SOL1-USD
2020-10-31,1.54932701587677,1.429893970489502,1.4413360357284546,1.5406999588012695,6449388.0,1.5406999588012695,SOL1-USD
2020-11-01,1.6379029750823975,1.5135430097579956,1.5406999588012695,1.5998400449752808,6877557.0,1.5998400449752808,SOL1-USD
2020-11-02,1.63018000125885,1.4676949977874756,1.5998400449752808,1.474071979522705,6366346.0,1.474071979522705,SOL1-USD
2020-11-03,1.4805010557174683,1.4121860265731812,1.474071979522705,1.4122339487075806,6536977.0,1.4122339487075806,SOL1-USD
2020-11-04,1.4128979444503784,1.2818679809570312,1.4122339487075806,1.3922549486160278,11406316.0,1.3922549486160278,SOL1-USD
2020-11-05,1.4861700534820557,1.3038250207901,1.3922549486160278,1.4052180051803589,8924132.0,1.4052180051803589,SOL1-USD
2020-11-06,1.9407069683074951,1.4000109434127808,1.4052180051803589,1.9137400388717651,22547497.0,1.9137400388717651,SOL1-USD
2020-11-07,2.4813690185546875,1.8448309898376465,1.9137400388717651,2.031964063644409,51426100.0,2.031964063644409,SOL1-USD
2020-11-08,2.2647790908813477,1.9744019508361816,2.031964063644409,2.1565980911254883,25931043.0,2.1565980911254883,SOL1-USD
2020-11-09,2.1893129348754883,1.958752989768982,2.1565980911254883,2.0286519527435303,18210626.0,2.0286519527435303,SOL1-USD
2020-11-10,2.307987928390503,2.0123209953308105,2.0286519527435303,2.2479870319366455,16170833.0,2.2479870319366455,SOL1-USD
2020-11-11,2.2841410636901855,1.9741649627685547,2.2479870319366455,2.0021250247955322,13877949.0,2.0021250247955322,SOL1-USD
2020-11-12,2.050297975540161,1.8317279815673828,2.0021250247955322,1.8991379737854004,11506048.0,1.8991379737854004,SOL1-USD
2020-11-13,2.0611159801483154,1.8991379737854004,1.8991379737854004,2.020792007446289,11621744.0,2.020792007446289,SOL1-USD
2020-11-14,2.0334908962249756,1.8752789497375488,2.020792007446289,1.9170160293579102,8134593.0,1.9170160293579102,SOL1-USD
2020-11-15,2.209059000015259,1.9168479442596436,1.9170160293579102,2.04323410987854,18621333.0,2.04323410987854,SOL1-USD
2020-11-16,2.36021089553833,1.9948530197143555,2.04323410987854,2.255354881286621,22156135.0,2.255354881286621,SOL1-USD
2020-11-17,2.318186044692993,2.1325900554656982,2.2810800075531006,2.202181100845337,17074175.0,2.202181100845337,SOL1-USD
2020-11-18,2.2059218883514404,2.012692928314209,2.202181100845337,2.1150290966033936,14629648.0,2.1150290966033936,SOL1-USD
2020-11-19,2.1750218868255615,2.0181660652160645,2.1150290966033936,2.0767691135406494,10155987.0,2.0767691135406494,SOL1-USD
2020-11-20,2.230391025543213,2.056972026824951,2.0767691135406494,2.0953919887542725,11113990.0,2.0953919887542725,SOL1-USD
2020-11-21,2.4988279342651367,2.0485239028930664,2.0953919887542725,2.382205009460449,20288343.0,2.382205009460449,SOL1-USD
2020-11-22,2.4038209915161133,2.0539379119873047,2.382205009460449,2.1448450088500977,16416065.0,2.1448450088500977,SOL1-USD
2020-11-23,2.3515989780426025,2.1203150749206543,2.1448450088500977,2.276376962661743,15487339.0,2.276376962661743,SOL1-USD
2020-11-24,2.466383934020996,2.1437950134277344,2.2772409915924072,2.2679669857025146,25036626.0,2.2679669857025146,SOL1-USD
2020-11-25,2.4775869846343994,2.182776927947998,2.2694849967956543,2.270034074783325,24870951.0,2.270034074783325,SOL1-USD
2020-11-26,2.2917020320892334,1.7414929866790771,2.2665340900421143,1.9030369520187378,33038223.0,1.9030369520187378,SOL1-USD
2020-11-27,1.9706530570983887,1.7803629636764526,1.9033349752426147,1.8579490184783936,13307808.0,1.8579490184783936,SOL1-USD
2020-11-28,1.939715027809143,1.8107099533081055,1.8598250150680542,1.8889349699020386,11661883.0,1.8889349699020386,SOL1-USD
2020-11-29,1.9438849687576294,1.8572269678115845,1.8879129886627197,1.915155053138733,6139511.0,1.915155053138733,SOL1-USD
2020-11-30,2.0135910511016846,1.911929965019226,1.9151420593261719,1.9668910503387451,8716571.0,1.9668910503387451,SOL1-USD
2020-12-01,2.130341053009033,1.932263970375061,1.9683209657669067,1.976307988166809,12847022.0,1.976307988166809,SOL1-USD
2020-12-02,2.187437057495117,1.9566999673843384,1.9772659540176392,2.115401029586792,15849828.0,2.115401029586792,SOL1-USD
2020-12-03,2.2213099002838135,2.0850300788879395,2.117116928100586,2.1003708839416504,18106122.0,2.1003708839416504,SOL1-USD
2020-12-04,2.1120710372924805,1.847344994544983,2.098602056503296,1.8559529781341553,9019864.0,1.8559529781341553,SOL1-USD
2020-12-05,1.9807219505310059,1.8254940509796143,1.8559679985046387,1.9787739515304565,7750781.0,1.9787739515304565,SOL1-USD
2020-12-06,1.9838980436325073,1.8158539533615112,1.9786579608917236,1.8542490005493164,7167230.0,1.8542490005493164,SOL1-USD
2020-12-07,1.8956880569458008,1.8094849586486816,1.8534510135650635,1.8311729431152344,6425070.0,1.8311729431152344,SOL1-USD
2020-12-08,1.8315809965133667,1.6451059579849243,1.8312220573425293,1.6653519868850708,11304051.0,1.6653519868850708,SOL1-USD
2020-12-09,1.6742769479751587,1.5036760568618774,1.6646219491958618,1.6623040437698364,10461119.0,1.6623040437698364,SOL1-USD
2020-12-10,1.6651350259780884,1.545240044593811,1.6624139547348022,1.5741510391235352,6167983.0,1.5741510391235352,SOL1-USD
2020-12-11,1.5767090320587158,1.4406019449234009,1.5723659992218018,1.4445849657058716,8273918.0,1.4445849657058716,SOL1-USD
2020-12-12,1.5374289751052856,1.4407060146331787,1.4415899515151978,1.4909119606018066,7085231.0,1.4909119606018066,SOL1-USD
2020-12-13,1.642915964126587,1.458117961883545,1.4907150268554688,1.5654560327529907,8389349.0,1.5654560327529907,SOL1-USD
2020-12-14,1.6228690147399902,1.5236979722976685,1.5679680109024048,1.5916459560394287,8672052.0,1.5916459560394287,SOL1-USD
2020-12-15,1.7994129657745361,1.5892629623413086,1.5910300016403198,1.7606710195541382,19470080.0,1.7606710195541382,SOL1-USD
2020-12-16,1.7875839471817017,1.610018014907837,1.76009202003479,1.7835979461669922,18277631.0,1.7835979461669922,SOL1-USD
2020-12-17,1.8031200170516968,1.6552170515060425,1.783892035484314,1.6786340475082397,15461477.0,1.6786340475082397,SOL1-USD
2020-12-18,1.706326961517334,1.6369869709014893,1.6790239810943604,1.698799967765808,7879397.0,1.698799967765808,SOL1-USD
2020-12-19,1.7642539739608765,1.6642630100250244,1.699267029762268,1.6686509847640991,9095045.0,1.6686509847640991,SOL1-USD
2020-12-20,1.6844300031661987,1.5277140140533447,1.670714020729065,1.5635759830474854,9093229.0,1.5635759830474854,SOL1-USD
2020-12-21,1.61832594871521,1.4951510429382324,1.5637749433517456,1.5419150590896606,8333991.0,1.5419150590896606,SOL1-USD
2020-12-22,1.574079990386963,1.4744850397109985,1.5396089553833008,1.4902859926223755,11066565.0,1.4902859926223755,SOL1-USD
2020-12-23,1.5105849504470825,1.0901609659194946,1.4902199506759644,1.2056920528411865,16776307.0,1.2056920528411865,SOL1-USD
2020-12-24,1.3836679458618164,1.1730070114135742,1.207705020904541,1.3624080419540405,9236939.0,1.3624080419540405,SOL1-USD
2020-12-25,1.4529240131378174,1.3472360372543335,1.3614959716796875,1.445402979850769,9359549.0,1.445402979850769,SOL1-USD
2020-12-26,1.4475170373916626,1.313423991203308,1.4460140466690063,1.3242379426956177,6798656.0,1.3242379426956177,SOL1-USD
2020-12-27,1.4087450504302979,1.2682499885559082,1.3250739574432373,1.3030420541763306,12286531.0,1.3030420541763306,SOL1-USD
2020-12-28,1.5170379877090454,1.294348955154419,1.3039929866790771,1.515684962272644,12668150.0,1.515684962272644,SOL1-USD
2020-12-29,1.7275819778442383,1.4397200345993042,1.515462040901184,1.6743450164794922,26355259.0,1.6743450164794922,SOL1-USD
2020-12-30,1.6807910203933716,1.5298329591751099,1.669693946838379,1.5354570150375366,12663616.0,1.5354570150375366,SOL1-USD
2020-12-31,1.5506099462509155,1.4302630424499512,1.535606026649475,1.5108979940414429,12763260.0,1.5108979940414429,SOL1-USD
2021-01-01,1.8596559762954712,1.5020380020141602,1.5097750425338745,1.8420840501785278,25722549.0,1.8420840501785278,SOL1-USD
2021-01-02,1.9892950057983398,1.7214820384979248,1.8455859422683716,1.7992750406265259,31671064.0,1.7992750406265259,SOL1-USD
2021-01-03,2.364980936050415,1.7999019622802734,1.7999019622802734,2.1617519855499268,55073422.0,2.1617519855499268,SOL1-USD
2021-01-04,2.4850969314575195,1.8763420581817627,2.16241192817688,2.4850969314575195,59955405.0,2.4850969314575195,SOL1-USD
2021-01-05,2.5026159286499023,2.077742099761963,2.4909820556640625,2.157217025756836,50555207.0,2.157217025756836,SOL1-USD
2021-01-06,2.185892105102539,1.9075850248336792,2.159626007080078,1.929216980934143,50263975.0,1.929216980934143,SOL1-USD
2021-01-07,2.611830949783325,1.9330430030822754,1.9365860223770142,2.3727450370788574,159870278.0,2.3727450370788574,SOL1-USD
2021-01-08,3.779320001602173,2.180928945541382,2.3687400817871094,3.2198870182037354,206412154.0,3.2198870182037354,SOL1-USD
2021-01-09,3.662787914276123,2.938307046890259,3.223541021347046,3.3853819370269775,91906875.0,3.3853819370269775,SOL1-USD
2021-01-10,3.733551025390625,3.196234941482544,3.390026092529297,3.466110944747925,62766977.0,3.466110944747925,SOL1-USD
2021-01-11,3.51357102394104,2.5971240997314453,3.4610650539398193,3.1080899238586426,82877500.0,3.1080899238586426,SOL1-USD
2021-01-12,3.8444159030914307,3.0800349712371826,3.1036880016326904,3.6133980751037598,73484689.0,3.6133980751037598,SOL1-USD
2021-01-13,3.6288249492645264,3.27492094039917,3.628382921218872,3.513782024383545,57994893.0,3.513782024383545,SOL1-USD
2021-01-14,3.5428659915924072,3.181973934173584,3.516036033630371,3.2781639099121094,59283112.0,3.2781639099121094,SOL1-USD
2021-01-15,3.4359219074249268,2.9851911067962646,3.2803990840911865,3.2501609325408936,45331739.0,3.2501609325408936,SOL1-USD
2021-01-16,3.7032320499420166,3.248934030532837,3.248934030532837,3.4470551013946533,68035606.0,3.4470551013946533,SOL1-USD
2021-01-17,3.965372085571289,3.3197460174560547,3.4348700046539307,3.81813907623291,85407766.0,3.81813907623291,SOL1-USD
2021-01-18,4.14792013168335,3.6557610034942627,3.8221309185028076,3.7955150604248047,70601713.0,3.7955150604248047,SOL1-USD
2021-01-19,4.031448841094971,3.609023094177246,3.7920429706573486,3.6418659687042236,44547768.0,3.6418659687042236,SOL1-USD
2021-01-20,3.7370030879974365,3.3440840244293213,3.63557505607605,3.7235779762268066,46698656.0,3.7235779762268066,SOL1-USD
2021-01-21,3.734325885772705,2.982696056365967,3.721669912338257,2.9905359745025635,43834765.0,2.9905359745025635,SOL1-USD
2021-01-22,3.497145891189575,2.5409860610961914,2.989919900894165,3.346229076385498,63361382.0,3.346229076385498,SOL1-USD
2021-01-23,3.597301959991455,3.3157620429992676,3.3410348892211914,3.5041120052337646,27904470.0,3.5041120052337646,SOL1-USD
2021-01-24,3.7930490970611572,3.4894940853118896,3.507110118865967,3.634411096572876,32747555.0,3.634411096572876,SOL1-USD
2021-01-25,3.9743568897247314,3.4513099193573,3.6346449851989746,3.6999809741973877,80055958.0,3.6999809741973877,SOL1-USD
2021-01-26,4.096916198730469,3.6826319694519043,3.6989591121673584,4.04734992980957,78823456.0,4.04734992980957,SOL1-USD
2021-01-27,4.048630237579346,3.531601905822754,4.048630237579346,3.690587043762207,35195110.0,3.690587043762207,SOL1-USD
2021-01-28,3.8364739418029785,3.6098809242248535,3.6863698959350586,3.8364739418029785,32351306.0,3.8364739418029785,SOL1-USD
2021-01-29,3.89260196685791,3.639385938644409,3.8615810871124268,3.8346760272979736,44053151.0,3.8346760272979736,SOL1-USD
2021-01-30,4.311975955963135,3.774104118347168,3.837682008743286,4.224276065826416,53378198.0,4.224276065826416,SOL1-USD
2021-01-31,4.787010192871094,4.170497894287109,4.237314224243164,4.264143943786621,78376267.0,4.264143943786621,SOL1-USD
2021-02-01,4.611601829528809,4.118255138397217,4.261250972747803,4.611601829528809,39361629.0,4.611601829528809,SOL1-USD
2021-02-02,5.403642177581787,4.480119228363037,4.613740921020508,5.267508029937744,98755962.0,5.267508029937744,SOL1-USD
2021-02-03,5.780780792236328,5.072738170623779,5.246592044830322,5.71599006652832,49386327.0,5.71599006652832,SOL1-USD
2021-02-04,6.53101110458374,5.603236198425293,5.731748104095459,6.426064968109131,108249482.0,6.426064968109131,SOL1-USD
2021-02-05,7.127117156982422,6.426446914672852,6.435369968414307,6.681719779968262,92892157.0,6.681719779968262,SOL1-USD
2021-02-06,6.799130916595459,5.713828086853027,6.687301158905029,6.110806941986084,102365494.0,6.110806941986084,SOL1-USD
2021-02-07,6.871513843536377,5.76859188079834,6.117644786834717,6.700462818145752,105451103.0,6.700462818145752,SOL1-USD
2021-02-08,8.055932998657227,6.488927841186523,6.702446937561035,7.8832502365112305,155254261.0,7.8832502365112305,SOL1-USD
2021-02-09,8.46778392791748,7.570215225219727,7.869794845581055,7.816792964935303,121037873.0,7.816792964935303,SOL1-USD
2021-02-10,9.072604179382324,7.613846778869629,7.818552017211914,9.072214126586914,120679902.0,9.072214126586914,SOL1-USD
2021-02-11,9.707003593444824,8.761316299438477,9.08035659790039,9.215352058410645,53600048.0,9.215352058410645,SOL1-USD
2021-02-12,9.92445182800293,9.079011917114258,9.214790344238281,9.2470121383667,91484664.0,9.2470121383667,SOL1-USD
2021-02-13,9.499038696289062,8.683009147644043,9.23603343963623,8.732455253601074,91417968.0,8.732455253601074,SOL1-USD
2021-02-14,9.22029972076416,8.559715270996094,8.742988586425781,8.738896369934082,93500423.0,8.738896369934082,SOL1-USD
2021-02-15,9.310638427734375,7.840470790863037,8.724266052246094,8.861739158630371,109854635.0,8.861739158630371,SOL1-USD
2021-02-16,8.980367660522461,7.983557224273682,8.860748291015625,8.297866821289062,71625205.0,8.297866821289062,SOL1-USD
2021-02-17,8.433298110961914,7.544398784637451,8.298688888549805,8.222577095031738,89948578.0,8.222577095031738,SOL1-USD
2021-02-18,9.2791748046875,8.232871055603027,8.232871055603027,8.980451583862305,77306770.0,8.980451583862305,SOL1-USD
2021-02-19,11.680577278137207,8.556981086730957,8.97996997833252,11.465653419494629,261175711.0,11.465653419494629,SOL1-USD
2021-02-20,11.786737442016602,9.8158540725708,11.478087425231934,10.002663612365723,140264810.0,10.002663612365723,SOL1-USD
2021-02-21,11.640289306640625,9.887046813964844,9.987549781799316,11.0855131149292,137742366.0,11.0855131149292,SOL1-USD
2021-02-22,14.54564094543457,9.255904197692871,11.073036193847656,14.454785346984863,574136241.0,14.454785346984863,SOL1-USD
2021-02-23,15.74337100982666,11.599893569946289,14.421626091003418,15.2015380859375,485252846.0,15.2015380859375,SOL1-USD
2021-02-24,18.146621704101562,14.861799240112305,15.213842391967773,17.30270767211914,375439707.0,17.30270767211914,SOL1-USD
2021-02-25,17.695444107055664,13.795912742614746,17.230182647705078,13.816014289855957,364505276.0,13.816014289855957,SOL1-USD
2021-02-26,15.483704566955566,13.12014102935791,13.865891456604004,13.58794116973877,289687328.0,13.58794116973877,SOL1-USD
2021-02-27,14.612065315246582,13.057272911071777,13.601573944091797,13.201168060302734,247640940.0,13.201168060302734,SOL1-USD
2021-02-28,13.77901554107666,11.489982604980469,13.20776653289795,13.08924674987793,300493226.0,13.08924674987793,SOL1-USD
2021-03-01,15.516057014465332,13.057385444641113,13.108434677124023,14.955588340759277,306451693.0,14.955588340759277,SOL1-USD
2021-03-02,15.224124908447266,13.460748672485352,14.96684455871582,13.958921432495117,178549852.0,13.958921432495117,SOL1-USD
2021-03-03,14.729358673095703,13.767048835754395,13.963540077209473,14.115591049194336,153830742.0,14.115591049194336,SOL1-USD
2021-03-04,14.260360717773438,12.771269798278809,14.094866752624512,13.097983360290527,116364466.0,13.097983360290527,SOL1-USD
2021-03-05,13.079861640930176,12.184608459472656,13.066306114196777,12.610443115234375,90978408.0,12.610443115234375,SOL1-USD
2021-03-06,13.27048110961914,11.901227951049805,12.569936752319336,13.036458015441895,118851546.0,13.036458015441895,SOL1-USD
2021-03-07,13.996903419494629,12.726385116577148,13.043927192687988,13.877732276916504,117548176.0,13.877732276916504,SOL1-USD
2021-03-08,13.87082576751709,13.08228874206543,13.826814651489258,13.602188110351562,115525659.0,13.602188110351562,SOL1-USD
2021-03-09,14.986444473266602,13.320186614990234,13.615290641784668,14.84631061553955,134867044.0,14.84631061553955,SOL1-USD
2021-03-10,15.18793773651123,14.07906436920166,14.850929260253906,14.231083869934082,103150901.0,14.231083869934082,SOL1-USD
2021-03-11,16.239398956298828,13.704225540161133,14.219837188720703,15.992279052734375,229272516.0,15.992279052734375,SOL1-USD
2021-03-12,16.485795974731445,14.111228942871094,16.020919799804688,14.552142143249512,185287457.0,14.552142143249512,SOL1-USD
2021-03-13,15.394397735595703,13.920056343078613,14.563802719116211,15.308802604675293,145102757.0,15.308802604675293,SOL1-USD
2021-03-14,15.349831581115723,14.378764152526855,15.301581382751465,14.50826644897461,90232804.0,14.50826644897461,SOL1-USD
2021-03-15,14.790472984313965,13.698057174682617,14.477127075195312,14.186661720275879,102600692.0,14.186661720275879,SOL1-USD
2021-03-16,14.282896041870117,13.229814529418945,14.163911819458008,13.622773170471191,112303590.0,13.622773170471191,SOL1-USD
2021-03-17,14.266797065734863,13.130529403686523,13.634963989257812,14.220203399658203,94696339.0,14.220203399658203,SOL1-USD
2021-03-18,14.745476722717285,13.82728385925293,14.210677146911621,14.230025291442871,79074263.0,14.230025291442871,SOL1-USD
2021-03-19,14.488219261169434,13.93245792388916,14.232649803161621,14.204795837402344,68715211.0,14.204795837402344,SOL1-USD
2021-03-20,14.978218078613281,14.152045249938965,14.195825576782227,14.211980819702148,68049683.0,14.211980819702148,SOL1-USD
2021-03-21,14.36572265625,13.668253898620605,14.218328475952148,14.332205772399902,64229338.0,14.332205772399902,SOL1-USD
2021-03-22,16.599872589111328,14.202885627746582,14.3502779006958,14.919293403625488,260995136.0,14.919293403625488,SOL1-USD
2021-03-23,15.243708610534668,14.097057342529297,14.84861946105957,14.20483112335205,106780662.0,14.20483112335205,SOL1-USD
2021-03-24,15.371431350708008,13.661297798156738,14.190396308898926,13.661297798156738,118813690.0,13.661297798156738,SOL1-USD
2021-03-25,13.705249786376953,12.614725112915039,13.650586128234863,13.02508544921875,116277943.0,13.02508544921875,SOL1-USD
2021-03-26,14.804293632507324,12.370457649230957,13.01952838897705,14.779420852661133,149987319.0,14.779420852661133,SOL1-USD
2021-03-27,16.80416488647461,14.75804615020752,14.786246299743652,16.50832176208496,223872587.0,16.50832176208496,SOL1-USD
2021-03-28,19.386005401611328,16.345008850097656,16.47942352294922,18.016233444213867,426120062.0,18.016233444213867,SOL1-USD
2021-03-28,18.987842559814453,17.700363159179688,18.083303451538086,18.854808807373047,216748601.0,18.854808807373047,SOL1-USD
2021-03-29,20.869474411010742,18.891403198242188,18.891403198242188,19.233924865722656,264028427.0,19.233924865722656,SOL1-USD
2021-03-30,19.795801162719727,18.1562557220459,19.1016845703125,19.465229034423828,206011018.0,19.465229034423828,SOL1-USD
2021-03-31,20.361539840698242,18.84424591064453,19.415681838989258,19.084901809692383,173731886.0,19.084901809692383,SOL1-USD
2021-04-01,19.824573516845703,18.568418502807617,19.084630966186523,19.810222625732422,131061660.0,19.810222625732422,SOL1-USD
2021-04-02,23.82718849182129,19.78944969177246,19.796451568603516,22.552276611328125,483057740.0,22.552276611328125,SOL1-USD
2021-04-03,25.56953239440918,22.212968826293945,22.52737045288086,24.061323165893555,426557980.0,24.061323165893555,SOL1-USD
2021-04-04,24.777637481689453,22.80645179748535,23.9288387298584,22.984283447265625,264085329.0,22.984283447265625,SOL1-USD
2021-04-05,25.346525192260742,21.87661361694336,22.977840423583984,24.95714569091797,320886935.0,24.95714569091797,SOL1-USD
2021-04-06,27.48761558532715,23.089359283447266,25.145559310913086,26.47808074951172,676846221.0,26.47808074951172,SOL1-USD
2021-04-07,27.97001075744629,25.72493553161621,26.51459312438965,27.033987045288086,377988327.0,27.033987045288086,SOL1-USD
2021-04-08,29.014734268188477,26.903825759887695,26.985803604125977,27.778274536132812,282477938.0,27.778274536132812,SOL1-USD
2021-04-09,28.257970809936523,25.963226318359375,27.64971160888672,26.84140396118164,270235258.0,26.84140396118164,SOL1-USD
2021-04-10,28.687227249145508,25.578319549560547,26.80805015563965,27.9318904876709,232938762.0,27.9318904876709,SOL1-USD
2021-04-11,29.862302780151367,26.842742919921875,27.918367385864258,28.512123107910156,308804546.0,28.512123107910156,SOL1-USD
2021-04-12,28.797941207885742,26.4176025390625,28.541011810302734,27.4355525970459,258183912.0,27.4355525970459,SOL1-USD
2021-04-13,27.48269271850586,24.792020797729492,27.400005340576172,26.47511100769043,342565805.0,26.47511100769043,SOL1-USD
2021-04-14,28.249399185180664,25.53941535949707,26.436843872070312,27.818313598632812,221346739.0,27.818313598632812,SOL1-USD
2021-04-15,28.226879119873047,24.972917556762695,27.820323944091797,25.39736557006836,240665351.0,25.39736557006836,SOL1-USD
2021-04-16,26.819766998291016,25.09987449645996,25.369205474853516,25.09987449645996,201720376.0,25.09987449645996,SOL1-USD
2021-04-17,32.90256881713867,21.539209365844727,25.135501861572266,32.30291748046875,1155150688.0,32.30291748046875,SOL1-USD
2021-04-18,36.080257415771484,29.925907135009766,32.33952331542969,31.67589569091797,1219130981.0,31.67589569091797,SOL1-USD
2021-04-19,32.69721984863281,28.932571411132812,31.476289749145508,31.77005386352539,793008154.0,31.77005386352539,SOL1-USD
2021-04-20,35.004302978515625,30.167491912841797,31.681537628173828,32.51304244995117,729130141.0,32.51304244995117,SOL1-USD
2021-04-21,40.97186279296875,31.600690841674805,32.68342971801758,38.8797607421875,1638622971.0,38.8797607421875,SOL1-USD
2021-04-22,41.463260650634766,31.664270401000977,38.8991813659668,36.97842025756836,1612232268.0,36.97842025756836,SOL1-USD
2021-04-23,43.532222747802734,34.683292388916016,37.25749588012695,40.7373161315918,1101380795.0,40.7373161315918,SOL1-USD
2021-04-24,48.43426513671875,40.51201629638672,40.8454704284668,47.36762619018555,1583800800.0,47.36762619018555,SOL1-USD
2021-04-25,48.31078338623047,43.371726989746094,47.54185485839844,43.97651672363281,1357487872.0,43.97651672363281,SOL1-USD
2021-04-26,46.54861068725586,42.55732727050781,43.89356994628906,43.2390022277832,904891996.0,43.2390022277832,SOL1-USD
2021-04-27,46.91656494140625,40.67207336425781,43.161441802978516,44.825984954833984,1021154320.0,44.825984954833984,SOL1-USD
2021-04-28,46.07149124145508,40.950984954833984,44.84994888305664,42.460540771484375,772259307.0,42.460540771484375,SOL1-USD
2021-04-29,44.2701530456543,41.24350357055664,42.50004577636719,42.95600128173828,534976437.0,42.95600128173828,SOL1-USD
2021-04-30,49.84457778930664,42.03086471557617,42.89333724975586,49.50802230834961,859524423.0,49.50802230834961,SOL1-USD
2021-05-01,49.896671295166016,45.9818229675293,49.50080490112305,46.890987396240234,571072187.0,46.890987396240234,SOL1-USD
2021-05-02,49.00945281982422,45.04447555541992,46.90397644042969,45.93368911743164,609194252.0,45.93368911743164,SOL1-USD
2021-05-03,47.75715637207031,42.31310272216797,45.983360290527344,42.729557037353516,682976428.0,42.729557037353516,SOL1-USD
2021-05-04,45.927791595458984,42.31573486328125,42.637237548828125,44.92357635498047,503781975.0,44.92357635498047,SOL1-USD
2021-05-05,44.97405242919922,42.591583251953125,44.97405242919922,43.4556770324707,391497018.0,43.4556770324707,SOL1-USD
2021-05-06,46.05956268310547,41.43837356567383,43.502655029296875,43.1550178527832,514344601.0,43.1550178527832,SOL1-USD
2021-05-07,46.6390266418457,42.29801940917969,43.15206527709961,45.56153106689453,451056655.0,45.56153106689453,SOL1-USD
2021-05-08,47.1212158203125,43.29694366455078,45.61763000488281,44.330196380615234,510603312.0,44.330196380615234,SOL1-USD
2021-05-09,45.87750244140625,39.5588493347168,44.34209442138672,42.90963363647461,499528076.0,42.90963363647461,SOL1-USD
2021-05-10,45.15120315551758,39.762969970703125,42.87227249145508,44.57746887207031,473731333.0,44.57746887207031,SOL1-USD
2021-05-11,48.979034423828125,42.45730972290039,44.59152603149414,42.45730972290039,1151668076.0,42.45730972290039,SOL1-USD
2021-05-12,45.41709899902344,37.526893615722656,43.235084533691406,40.99785232543945,1016860656.0,40.99785232543945,SOL1-USD
2021-05-13,44.79143524169922,39.986053466796875,41.03451919555664,42.717864990234375,504167711.0,42.717864990234375,SOL1-USD
2021-05-14,45.391788482666016,39.37460708618164,42.699947357177734,43.461307525634766,500445722.0,43.461307525634766,SOL1-USD
2021-05-15,52.50135040283203,41.915496826171875,43.40169143676758,47.200828552246094,1990976771.0,47.200828552246094,SOL1-USD
2021-05-16,51.87602996826172,43.30291748046875,46.89802169799805,46.86320495605469,1951921366.0,46.86320495605469,SOL1-USD
2021-05-17,58.30292510986328,46.187557220458984,46.66041946411133,55.91096115112305,2025388219.0,55.91096115112305,SOL1-USD
2021-05-18,57.52577209472656,29.429859161376953,56.089256286621094,35.107181549072266,2772224999.0,35.107181549072266,SOL1-USD
2021-05-19,51.25844955444336,32.31814193725586,35.04304504394531,44.74274826049805,2487748626.0,44.74274826049805,SOL1-USD
2021-05-20,47.645591735839844,33.83739471435547,44.4472541809082,38.81285095214844,1769762028.0,38.81285095214844,SOL1-USD
2021-05-21,40.009578704833984,31.25486183166504,38.988380432128906,31.315582275390625,1078751751.0,31.315582275390625,SOL1-USD
2021-05-22,32.4362678527832,19.13983917236328,31.225767135620117,24.68874740600586,1925832341.0,24.68874740600586,SOL1-USD
2021-05-23,32.094451904296875,24.498319625854492,24.498319625854492,31.283571243286133,1346786023.0,31.283571243286133,SOL1-USD
2021-05-24,33.130126953125,26.100074768066406,31.396347045898438,29.99707794189453,909470305.0,29.99707794189453,SOL1-USD
2021-05-25,37.23763656616211,29.008554458618164,30.047990798950195,35.539817810058594,1069991365.0,35.539817810058594,SOL1-USD
2021-05-26,35.52705001831055,31.12712860107422,35.48244857788086,33.584590911865234,649389058.0,33.584590911865234,SOL1-USD
2021-05-27,34.502506256103516,28.0671443939209,33.6755256652832,29.039276123046875,600255582.0,29.039276123046875,SOL1-USD
2021-05-28,30.0223388671875,25.750940322875977,29.003129959106445,27.376420974731445,376859866.0,27.376420974731445,SOL1-USD
2021-05-29,29.74925422668457,25.650293350219727,27.408315658569336,28.602659225463867,359661704.0,28.602659225463867,SOL1-USD
2021-05-30,32.98358917236328,27.52474594116211,28.60424041748047,32.816246032714844,534826504.0,32.816246032714844,SOL1-USD
2021-05-31,33.2899169921875,29.880172729492188,32.7708854675293,30.985260009765625,432053117.0,30.985260009765625,SOL1-USD
2021-06-01,35.03815460205078,30.432857513427734,30.935237884521484,33.95631790161133,497567418.0,33.95631790161133,SOL1-USD
2021-06-02,41.14537811279297,33.792232513427734,34.018714904785156,39.47090530395508,960056106.0,39.47090530395508,SOL1-USD
2021-06-03,39.60986328125,34.3109016418457,39.581302642822266,37.415069580078125,1056279506.0,37.415069580078125,SOL1-USD
2021-06-04,42.82267379760742,37.0991096496582,37.41737747192383,39.58539962768555,1112426664.0,39.58539962768555,SOL1-USD
2021-06-05,43.377193450927734,38.96399688720703,39.74912643432617,42.30837631225586,794387364.0,42.30837631225586,SOL1-USD
2021-06-06,44.10055923461914,38.09083938598633,42.25367736816406,38.262332916259766,923157614.0,38.262332916259766,SOL1-USD
2021-06-07,42.47829055786133,33.68545913696289,38.25127029418945,41.51781463623047,1786996802.0,41.51781463623047,SOL1-USD
2021-06-08,43.99756622314453,39.36863327026367,41.27979278564453,42.031776428222656,1218831041.0,42.031776428222656,SOL1-USD
2021-06-09,43.00490951538086,39.59678268432617,42.0240364074707,41.09867477416992,595246689.0,41.09867477416992,SOL1-USD
2021-06-10,41.31248474121094,35.31117248535156,41.11015319824219,36.046085357666016,518666603.0,36.046085357666016,SOL1-USD
2021-06-11,37.61422348022461,34.31815719604492,36.16435241699219,36.441688537597656,549070417.0,36.441688537597656,SOL1-USD
2021-06-12,39.3599739074707,34.782989501953125,36.51470947265625,38.77043533325195,452988674.0,38.77043533325195,SOL1-USD
2021-06-13,40.47652053833008,36.81413269042969,38.70452117919922,38.71305465698242,477871463.0,38.71305465698242,SOL1-USD
2021-06-14,41.75867462158203,39.435813903808594,40.53583908081055,41.153648376464844,605285143.0,41.153648376464844,SOL1-USD
2021-06-15,41.496307373046875,37.50349807739258,39.54534912109375,39.703617095947266,576016902.0,39.703617095947266,SOL1-USD
2021-06-16,41.237430572509766,38.28608322143555,39.68927001953125,39.264591217041016,417775600.0,39.264591217041016,SOL1-USD
2021-06-17,39.427127838134766,35.0040168762207,39.26678466796875,36.64879608154297,424163369.0,36.64879608154297,SOL1-USD
2021-06-18,37.35458755493164,34.981605529785156,36.81910705566406,35.35343551635742,264640750.0,35.35343551635742,SOL1-USD
2021-06-19,35.92838668823242,31.36209487915039,35.23702621459961,35.32201385498047,452587531.0,35.32201385498047,SOL1-USD
2021-06-20,35.497615814208984,25.949079513549805,35.261436462402344,26.657400131225586,760344541.0,26.657400131225586,SOL1-USD
2021-06-21,28.712968826293945,20.380443572998047,26.592830657958984,26.7718563079834,1258580061.0,26.7718563079834,SOL1-USD
2021-06-22,32.7729606628418,25.69648551940918,26.91294288635254,30.048887252807617,1111302687.0,30.048887252807617,SOL1-USD
2021-06-23,32.991310119628906,28.548385620117188,30.846078872680664,31.181034088134766,641150364.0,31.181034088134766,SOL1-USD
2021-06-24,32.90251541137695,28.035079956054688,31.16853141784668,28.698862075805664,632052177.0,28.698862075805664,SOL1-USD
2021-06-25,30.007036209106445,26.710813522338867,28.607898712158203,29.712854385375977,560342710.0,29.712854385375977,SOL1-USD
2021-06-26,31.929391860961914,29.271196365356445,29.752639770507812,31.929391860961914,497353288.0,31.929391860961914,SOL1-USD
2021-06-27,34.24322509765625,31.035127639770508,31.880830764770508,32.92778015136719,473612135.0,32.92778015136719,SOL1-USD
2021-06-28,35.788578033447266,32.7266845703125,33.00978469848633,33.86680221557617,471854279.0,33.86680221557617,SOL1-USD
2021-06-29,35.9547233581543,31.601350784301758,33.96297073364258,35.55640411376953,570984168.0,35.55640411376953,SOL1-USD
2021-06-30,35.53819274902344,32.38627243041992,35.505653381347656,33.40403366088867,474665321.0,33.40403366088867,SOL1-USD
2021-07-01,34.03178787231445,31.479923248291016,33.30630874633789,34.02048110961914,440298780.0,34.02048110961914,SOL1-USD
2021-07-02,35.40476989746094,33.2984733581543,34.01557540893555,34.478816986083984,327019964.0,34.478816986083984,SOL1-USD
2021-07-03,35.50237274169922,33.55573654174805,34.4951171875,34.31060028076172,303420520.0,34.31060028076172,SOL1-USD
2021-07-04,34.461822509765625,32.48269271850586,34.28255081176758,32.984588623046875,313839322.0,32.984588623046875,SOL1-USD
2021-07-05,34.97831726074219,32.93030548095703,32.93030548095703,34.26913833618164,365336040.0,34.26913833618164,SOL1-USD
2021-07-06,38.01170349121094,33.8420295715332,34.23280715942383,36.59136962890625,519252659.0,36.59136962890625,SOL1-USD
2021-07-07,36.915283203125,32.80227279663086,36.71971893310547,33.20372772216797,498201257.0,33.20372772216797,SOL1-USD
2021-07-08,34.38794708251953,31.99104881286621,33.13433074951172,33.2646484375,327170629.0,33.2646484375,SOL1-USD
2021-07-09,34.14048767089844,31.186784744262695,33.31843948364258,31.788644790649414,296566657.0,31.788644790649414,SOL1-USD
2021-07-10,32.53633499145508,31.41175651550293,31.693038940429688,32.17784118652344,211679810.0,32.17784118652344,SOL1-USD
2021-07-11,32.6440544128418,30.074201583862305,32.17338943481445,30.848087310791016,221058993.0,30.848087310791016,SOL1-USD
2021-07-12,31.093704223632812,28.918607711791992,30.78640365600586,29.12118911743164,197825362.0,29.12118911743164,SOL1-USD
2021-07-13,31.435338973999023,27.515703201293945,29.14269256591797,31.2810001373291,331866434.0,31.2810001373291,SOL1-USD
2021-07-14,31.4834041595459,28.008403778076172,31.360700607299805,28.45210075378418,329918376.0,28.45210075378418,SOL1-USD
2021-07-15,29.442203521728516,26.228809356689453,28.5490665435791,26.37000846862793,374718328.0,26.37000846862793,SOL1-USD
2021-07-16,27.69698715209961,26.04067039489746,26.25412368774414,26.721668243408203,289689475.0,26.721668243408203,SOL1-USD
2021-07-17,27.733564376831055,26.360977172851562,26.784170150756836,26.751909255981445,230336396.0,26.751909255981445,SOL1-USD
2021-07-18,26.72174644470215,24.012245178222656,26.671239852905273,24.44757652282715,361915410.0,24.44757652282715,SOL1-USD
2021-07-19,24.975603103637695,22.177541732788086,24.51030158996582,23.48955535888672,413439963.0,23.48955535888672,SOL1-USD
2021-07-20,27.4164981842041,22.86536979675293,23.443456649780273,26.623079299926758,555770206.0,26.623079299926758,SOL1-USD
2021-07-21,28.135990142822266,25.95220947265625,26.66532325744629,27.70208168029785,364666998.0,27.70208168029785,SOL1-USD
2021-07-22,28.690610885620117,26.425710678100586,27.70650863647461,28.513879776000977,407955237.0,28.513879776000977,SOL1-USD
2021-07-23,29.50779914855957,28.06863784790039,28.517900466918945,28.702619552612305,353750758.0,28.702619552612305,SOL1-USD
2021-07-24,28.87297821044922,26.528553009033203,28.64940071105957,28.168773651123047,309208018.0,28.168773651123047,SOL1-USD
2021-07-25,31.05401611328125,27.903797149658203,28.227025985717773,28.306642532348633,743673802.0,28.306642532348633,SOL1-USD
2021-07-26,28.95267105102539,27.005430221557617,28.210498809814453,28.065326690673828,375599550.0,28.065326690673828,SOL1-USD
2021-07-27,28.7469539642334,27.41233253479004,28.145641326904297,27.815410614013672,315682626.0,27.815410614013672,SOL1-USD
2021-07-28,31.88614845275879,27.372438430786133,27.877975463867188,31.281137466430664,448009571.0,31.281137466430664,SOL1-USD
2021-07-29,33.05512619018555,30.067672729492188,31.275415420532227,32.393943786621094,617830199.0,32.393943786621094,SOL1-USD
2021-07-30,36.86825942993164,31.68321990966797,32.35328674316406,36.82731246948242,587168181.0,36.82731246948242,SOL1-USD
2021-07-31,36.719913482666016,33.28300476074219,36.67912673950195,34.25436019897461,490639931.0,34.25436019897461,SOL1-USD
2021-08-01,35.91239547729492,33.06065368652344,34.1905632019043,33.22241973876953,407399691.0,33.22241973876953,SOL1-USD
2021-08-02,35.833091735839844,32.40266036987305,33.19142532348633,33.99644088745117,474629269.0,33.99644088745117,SOL1-USD
2021-08-03,36.6524772644043,33.2731819152832,34.10835647583008,35.76362609863281,413657602.0,35.76362609863281,SOL1-USD
2021-08-04,38.208866119384766,35.53385543823242,35.771976470947266,37.35513687133789,595137193.0,37.35513687133789,SOL1-USD
2021-08-05,40.388084411621094,35.68829345703125,37.3553581237793,39.446102142333984,589190671.0,39.446102142333984,SOL1-USD
2021-08-06,40.50587844848633,37.62660217285156,39.49230194091797,39.403472900390625,534979916.0,39.403472900390625,SOL1-USD
2021-08-07,39.53329086303711,36.935577392578125,39.465904235839844,37.673824310302734,358570315.0,37.673824310302734,SOL1-USD
2021-08-08,40.00484085083008,36.481170654296875,37.66049575805664,38.767784118652344,377034585.0,38.767784118652344,SOL1-USD
2021-08-09,41.66090774536133,38.22317123413086,38.678810119628906,40.63979721069336,452480699.0,40.63979721069336,SOL1-USD
2021-08-10,43.739139556884766,40.628238677978516,40.64894104003906,41.74411392211914,507980107.0,41.74411392211914,SOL1-USD
2021-08-11,43.40190887451172,39.38155746459961,41.70451354980469,41.099361419677734,527833804.0,41.099361419677734,SOL1-USD
2021-08-12,44.9005241394043,40.72161865234375,41.1143684387207,44.894500732421875,541894525.0,44.894500732421875,SOL1-USD
2021-08-13,44.871238708496094,42.937660217285156,44.85142517089844,44.112850189208984,363834257.0,44.112850189208984,SOL1-USD
2021-08-14,54.62955093383789,43.450008392333984,44.14995574951172,53.74515914916992,1448656564.0,53.74515914916992,SOL1-USD
2021-08-15,68.82237243652344,52.465850830078125,53.5411491394043,62.432464599609375,3799339365.0,62.432464599609375,SOL1-USD
2021-08-16,74.8892593383789,58.9813346862793,62.11532974243164,64.21070861816406,4043742154.0,64.21070861816406,SOL1-USD
2021-08-17,80.11990356445312,60.26971435546875,64.16835021972656,72.5433120727539,4507409622.0,72.5433120727539,SOL1-USD
2021-08-18,75.09242248535156,68.6104965209961,72.83856201171875,72.75760650634766,2467398203.0,72.75760650634766,SOL1-USD
2021-08-19,79.99000549316406,70.93728637695312,72.7489013671875,78.72461700439453,1844455899.0,78.72461700439453,SOL1-USD
2021-08-20,81.81377410888672,72.69692993164062,78.69892883300781,73.75621032714844,1513097171.0,73.75621032714844,SOL1-USD
2021-08-21,77.48115539550781,71.55394744873047,73.86833953857422,72.80391693115234,968933849.0,72.80391693115234,SOL1-USD
2021-08-22,76.70532989501953,71.68074798583984,72.7694091796875,75.70803833007812,1372134245.0,75.70803833007812,SOL1-USD
2021-08-23,79.3709487915039,68.61978912353516,75.7801742553711,70.67090606689453,2153611667.0,70.67090606689453,SOL1-USD
2021-08-24,72.70286560058594,66.22276306152344,70.67996215820312,71.95156860351562,1551240766.0,71.95156860351562,SOL1-USD
2021-08-25,78.05520629882812,66.26455688476562,71.97343444824219,75.31620788574219,2713050538.0,75.31620788574219,SOL1-USD
2021-08-26,88.85427856445312,72.71512603759766,74.81178283691406,88.08698272705078,3263988286.0,88.08698272705078,SOL1-USD
2021-08-27,97.84294891357422,85.79064178466797,88.00001525878906,96.70317077636719,2580080503.0,96.70317077636719,SOL1-USD
2021-08-28,97.77787780761719,90.99362182617188,96.56397247314453,94.46967315673828,1830344091.0,94.46967315673828,SOL1-USD
2021-08-29,116.85022735595703,94.0377197265625,94.3448715209961,110.54480743408203,5274104165.0,110.54480743408203,SOL1-USD
2021-08-30,130.01461791992188,103.35130310058594,109.75614929199219,108.48377227783203,7590894022.0,108.48377227783203,SOL1-USD
2021-08-31,119.53011322021484,106.27082061767578,107.4444808959961,111.03300476074219,3974443896.0,111.03300476074219,SOL1-USD
2021-09-01,131.96188354492188,109.65261840820312,110.73123931884766,128.10238647460938,5074399603.0,128.10238647460938,SOL1-USD
2021-09-02,148.8341827392578,128.3890838623047,128.3890838623047,146.5830535888672,7526373837.0,146.5830535888672,SOL1-USD
2021-09-03,150.42855834960938,136.44955444335938,146.4184112548828,139.11306762695312,3970422964.0,139.11306762695312,SOL1-USD
2021-09-04,144.99786376953125,135.07997131347656,138.99014282226562,142.0708770751953,2996918105.0,142.0708770751953,SOL1-USD
2021-09-05,165.8787384033203,138.0382080078125,142.0628204345703,164.38092041015625,5774090688.0,164.38092041015625,SOL1-USD
2021-09-06,194.8197021484375,133.10025024414062,164.18368530273438,173.14892578125,17068643416.0,173.14892578125,SOL1-USD
2021-09-07,197.989013671875,147.99118041992188,173.278564453125,191.04139709472656,13187213606.0,191.04139709472656,SOL1-USD
2021-09-08,214.95718383789062,181.4458770751953,209.47079467773438,188.19580078125,12676272744.0,188.19580078125,SOL1-USD
2021-09-09,196.9451904296875,168.69082641601562,187.61280822753906,179.865234375,7087524572.0,179.865234375,SOL1-USD
2021-09-10,193.40560913085938,175.56541442871094,179.36622619628906,178.8678741455078,5367389010.0,178.8678741455078,SOL1-USD
2021-09-11,181.56825256347656,170.5845947265625,179.23016357421875,174.53762817382812,3012633094.0,174.53762817382812,SOL1-USD
2021-09-12,174.93186950683594,150.9744110107422,174.41845703125,169.26954650878906,6437530449.0,169.26954650878906,SOL1-USD
2021-09-13,171.30116271972656,143.55311584472656,169.77452087402344,158.09481811523438,5799758794.0,158.09481811523438,SOL1-USD
2021-09-14,166.17529296875,154.2395477294922,158.41543579101562,159.1173858642578,3908939772.0,159.1173858642578,SOL1-USD
2021-09-15,163.12283325195312,147.6532745361328,158.80728149414062,152.47406005859375,3215168472.0,152.47406005859375,SOL1-USD
2021-09-16,153.44493103027344,135.24522399902344,152.3514404296875,147.5930633544922,4675731485.0,147.5930633544922,SOL1-USD
2021-09-17,171.1427764892578,144.3922576904297,147.44876098632812,169.18421936035156,5415012910.0,169.18421936035156,SOL1-USD
2021-09-18,170.65211486816406,151.2509765625,169.22633361816406,152.51669311523438,3350530308.0,152.51669311523438,SOL1-USD
2021-09-19,153.38766479492188,131.2610321044922,152.7944793701172,132.13446044921875,5623667250.0,132.13446044921875,SOL1-USD
2021-09-20,144.46844482421875,116.34320068359375,132.76231384277344,123.95039367675781,5243953819.0,123.95039367675781,SOL1-USD
2021-09-21,150.94151306152344,122.34915924072266,124.17745208740234,147.92425537109375,4952222859.0,147.92425537109375,SOL1-USD
2021-09-22,152.364990234375,143.20126342773438,148.05516052246094,149.75357055664062,3389212044.0,149.75357055664062,SOL1-USD
2021-09-23,151.201904296875,128.8013153076172,149.9354705810547,139.39564514160156,3852350632.0,139.39564514160156,SOL1-USD
2021-09-24,144.0725555419922,134.10775756835938,139.2965545654297,136.17892456054688,2037106949.0,136.17892456054688,SOL1-USD
2021-09-25,140.7817840576172,125.11542510986328,136.21615600585938,135.69937133789062,2674182809.0,135.69937133789062,SOL1-USD
2021-09-26,148.49783325195312,133.98428344726562,135.93136596679688,136.72842407226562,2867246888.0,136.72842407226562,SOL1-USD
2021-09-27,139.2943572998047,128.2448272705078,136.5089111328125,131.53721618652344,2422542861.0,131.53721618652344,SOL1-USD
2021-09-28,140.03817749023438,131.2336883544922,132.33853149414062,135.35145568847656,2428105040.0,135.35145568847656,SOL1-USD
2021-09-29,142.85316467285156,134.31326293945312,135.41290283203125,141.0690460205078,2244376110.0,141.0690460205078,SOL1-USD
2021-09-30,164.737548828125,138.4369354248047,141.38291931152344,161.682373046875,4387488320.0,161.682373046875,SOL1-USD
2021-10-01,174.90069580078125,156.3223419189453,161.59439086914062,169.093017578125,3471658582.0,169.093017578125,SOL1-USD
2021-10-02,176.9703369140625,166.07000732421875,169.11370849609375,172.5891571044922,3149579954.0,172.5891571044922,SOL1-USD
2021-10-03,172.9616241455078,162.77333068847656,172.9616241455078,166.73191833496094,3109040100.0,166.73191833496094,SOL1-USD
2021-10-04,169.9793701171875,160.59315490722656,166.99496459960938,164.11582946777344,2541087419.0,164.11582946777344,SOL1-USD
2021-10-05,165.3619842529297,150.76837158203125,164.60519409179688,154.1077423095703,3259712887.0,154.1077423095703,SOL1-USD
2021-10-06,161.3629913330078,150.5420379638672,153.96115112304688,154.28118896484375,2579187256.0,154.28118896484375,SOL1-USD
2021-10-07,168.84637451171875,152.75576782226562,154.2565460205078,158.94920349121094,2781848650.0,158.94920349121094,SOL1-USD
2021-10-08,161.40731811523438,154.8697967529297,158.70469665527344,156.82583618164062,1522023824.0,156.82583618164062,SOL1-USD
2021-10-09,158.361572265625,146.8982391357422,156.75192260742188,148.0487060546875,1556965341.0,148.0487060546875,SOL1-USD
2021-10-10,153.921142578125,140.3639678955078,147.80044555664062,144.85813903808594,1851795187.0,144.85813903808594,SOL1-USD
2021-10-11,153.26397705078125,137.8115692138672,145.00765991210938,152.73712158203125,2853992440.0,152.73712158203125,SOL1-USD
2021-10-12,155.34799194335938,144.40786743164062,152.52392578125,148.17604064941406,2105226551.0,148.17604064941406,SOL1-USD
2021-10-13,155.32974243164062,147.3309326171875,148.01727294921875,149.75680541992188,1948101208.0,149.75680541992188,SOL1-USD
2021-10-14,165.12220764160156,146.98483276367188,150.04660034179688,162.59620666503906,3970589003.0,162.59620666503906,SOL1-USD
2021-10-15,164.71371459960938,156.73756408691406,163.0070343017578,157.538818359375,1531502795.0,157.538818359375,SOL1-USD
2021-10-16,167.42599487304688,154.09034729003906,157.46356201171875,159.74380493164062,2168838138.0,159.74380493164062,SOL1-USD
2021-10-17,162.8562774658203,155.0302276611328,159.9974822998047,157.2312774658203,1698878759.0,157.2312774658203,SOL1-USD
2021-10-18,159.40586853027344,153.22100830078125,157.210205078125,156.01702880859375,1400902548.0,156.01702880859375,SOL1-USD
2021-10-19,176.440673828125,155.19984436035156,155.88339233398438,175.94686889648438,3315306825.0,175.94686889648438,SOL1-USD
2021-10-20,193.59915161132812,176.7655487060547,176.7655487060547,190.3184356689453,6865815461.0,190.3184356689453,SOL1-USD
2021-10-21,214.04444885253906,188.27362060546875,190.45489501953125,196.43153381347656,7486821306.0,196.43153381347656,SOL1-USD
2021-10-22,205.6698760986328,192.56275939941406,196.30047607421875,197.703857421875,3253670286.0,197.703857421875,SOL1-USD
2021-10-23,204.71910095214844,185.5724334716797,197.97311401367188,202.3619842529297,3413057378.0,202.3619842529297,SOL1-USD
2021-10-24,218.7318878173828,198.2024383544922,202.3164825439453,210.1042938232422,4837376169.0,210.1042938232422,SOL1-USD
2021-10-25,213.9828643798828,197.4866485595703,209.53164672851562,199.8072509765625,3194205752.0,199.8072509765625,SOL1-USD
2021-10-26,205.4047393798828,178.73086547851562,199.87448120117188,183.77459716796875,4552692842.0,183.77459716796875,SOL1-USD
2021-10-27,201.0453643798828,182.217529296875,184.5157012939453,194.86398315429688,3463958628.0,194.86398315429688,SOL1-USD
2021-10-28,204.8966064453125,194.90643310546875,194.90643310546875,200.18275451660156,2468703579.0,200.18275451660156,SOL1-USD
2021-10-29,200.38623046875,187.8165740966797,200.22572326660156,195.4160614013672,1732207667.0,195.4160614013672,SOL1-USD
2021-10-30,205.1633758544922,186.06298828125,195.77377319335938,202.4210205078125,2577364486.0,202.4210205078125,SOL1-USD
2021-11-01,211.36083984375,198.2389678955078,202.62921142578125,203.5450897216797,3157612663.0,203.5450897216797,SOL1-USD
2021-11-02,222.2330322265625,201.18038940429688,203.51791381835938,220.23959350585938,3020087232.0,220.23959350585938,SOL1-USD
2021-11-03,246.321533203125,216.19619750976562,221.07675170898438,242.89881896972656,6024951132.0,242.89881896972656,SOL1-USD
2021-11-04,250.46633911132812,235.15087890625,243.09780883789062,247.3877716064453,4440296290.0,247.3877716064453,SOL1-USD
2021-11-05,248.3839111328125,231.1608123779297,247.27093505859375,236.47433471679688,2752870913.0,236.47433471679688,SOL1-USD
2021-11-06,245.02955627441406,235.32705688476562,235.9559326171875,245.02955627441406,2701599744.0,245.02955627441406,SOL1-USD
